<?xml version="1.0" encoding="utf-16"?>
<Categories>
  <Category>
    <Name>Toys</Name>
    <MostPopularItem>
      <Name>Mario</Name>
      <TotalMade>8.80</TotalMade>
      <TimesSold>4</TimesSold>
    </MostPopularItem>
  </Category>
  <Category>
    <Name>Toys</Name>
    <MostPopularItem>
      <Name>Batman</Name>
      <TotalMade>6.00</TotalMade>
      <TimesSold>2</TimesSold>
    </MostPopularItem>
  </Category>
  <Category>
    <Name>Toys</Name>
    <MostPopularItem>
      <Name>Minion</Name>
      <TotalMade>24.20</TotalMade>
      <TimesSold>11</TimesSold>
    </MostPopularItem>
  </Category>
  <Category>
    <Name>Drinks</Name>
    <MostPopularItem>
      <Name>Purple Drink</Name>
      <TotalMade>9.10</TotalMade>
      <TimesSold>7</TimesSold>
    </MostPopularItem>
  </Category>
  <Category>
    <Name>Drinks</Name>
    <MostPopularItem>
      <Name>Orange Drink</Name>
      <TotalMade>0</TotalMade>
      <TimesSold>0</TimesSold>
    </MostPopularItem>
  </Category>
  <Category>
    <Name>Drinks</Name>
    <MostPopularItem>
      <Name>Cola</Name>
      <TotalMade>0</TotalMade>
      <TimesSold>0</TimesSold>
    </MostPopularItem>
  </Category>
  <Category>
    <Name>Chicken</Name>
    <MostPopularItem>
      <Name>Chicken Tenders</Name>
      <TotalMade>44.00</TotalMade>
      <TimesSold>11</TimesSold>
    </MostPopularItem>
  </Category>
  <Category>
    <Name>Chicken</Name>
    <MostPopularItem>
      <Name>Tasty Basket</Name>
      <TotalMade>42.00</TotalMade>
      <TimesSold>6</TimesSold>
    </MostPopularItem>
  </Category>
  <Category>
    <Name>Toys</Name>
    <MostPopularItem>
      <Name>Luigi</Name>
      <TotalMade>10.50</TotalMade>
      <TimesSold>5</TimesSold>
    </MostPopularItem>
  </Category>
  <Category>
    <Name>Chicken</Name>
    <MostPopularItem>
      <Name>Premium chicken sandwich</Name>
      <TotalMade>28.00</TotalMade>
      <TimesSold>4</TimesSold>
    </MostPopularItem>
  </Category>
  <Category>
    <Name>Chicken</Name>
    <MostPopularItem>
      <Name>Snack Wrap</Name>
      <TotalMade>8.80</TotalMade>
      <TimesSold>2</TimesSold>
    </MostPopularItem>
  </Category>
  <Category>
    <Name>Chicken</Name>
    <MostPopularItem>
      <Name>Premium Chicken Wrap</Name>
      <TotalMade>27.00</TotalMade>
      <TimesSold>5</TimesSold>
    </MostPopularItem>
  </Category>
  <Category>
    <Name>Chicken</Name>
    <MostPopularItem>
      <Name>Chicken Nuggets</Name>
      <TotalMade>7.50</TotalMade>
      <TimesSold>3</TimesSold>
    </MostPopularItem>
  </Category>
  <Category>
    <Name>Chicken</Name>
    <MostPopularItem>
      <Name>Crispy Chicken Deluxe</Name>
      <TotalMade>24.50</TotalMade>
      <TimesSold>7</TimesSold>
    </MostPopularItem>
  </Category>
  <Category>
    <Name>Chicken</Name>
    <MostPopularItem>
      <Name>Grilled Chicken Deluxe</Name>
      <TotalMade>16.00</TotalMade>
      <TimesSold>4</TimesSold>
    </MostPopularItem>
  </Category>
  <Category>
    <Name>Toys</Name>
    <MostPopularItem>
      <Name>Bowser</Name>
      <TotalMade>8.00</TotalMade>
      <TimesSold>4</TimesSold>
    </MostPopularItem>
  </Category>
</Categories>